ID;NÃºmero
1;+54 221 456-7890
2;+54 237 555-4321
3;+54 11 6789-1234
4;+54 351 443-2211
5;+54 341 567-8901
6;+54 261 412-3456
7;+54 381 478-9021
8;+54 387 400-1122
9;+54 376 451-7788
10;+54 299 498-3210
11;+54 298 475-6655
12;+54 297 456-9900
13;+54 2901 422-345
14;+54 264 433-7788
15;+54 343 445-6677
16;+54 379 466-8899
17;+54 388 478-9901
18;+54 383 412-2211
19;+54 380 455-6677
20;+54 266 498-9900
21;+54 385 400-1234
22;+54 362 411-5678
23;+54 370 433-2211
24;+54 2966 422-987
25;+54 11 4567-3344